Timestamp,Channel 1,Channel 2,Channel 3,Channel 4,Channel 5,Channel 6,Channel 7,Channel 8,x,y,z
1707474620.833443,-187500.02235174447,-187500.02235174447,-187500.02235174447,-187500.02235174447,-187500.02235174447,-187500.02235174447,-187500.02235174447,-187500.02235174447,0.02,-0.028,1.024
1707474620.833469,-187500.02235174447,-187500.02235174447,-187500.02235174447,-187500.02235174447,-187500.02235174447,-187500.02235174447,-187500.02235174447,-187500.02235174447,0.02,-0.028,1.024
1707474620.833494,-187500.02235174447,-187500.02235174447,-187500.02235174447,-187500.02235174447,-187500.02235174447,-187500.02235174447,-187500.02235174447,-187500.02235174447,0.02,-0.028,1.024
1707474620.83352,-187500.02235174447,-187500.02235174447,-187500.02235174447,-187500.02235174447,-187500.02235174447,-187500.02235174447,-187500.02235174447,-187500.02235174447,0.02,-0.028,1.024
1707474620.833545,-187500.02235174447,-187500.02235174447,-187500.02235174447,-187500.02235174447,-187500.02235174447,-187500.02235174447,-187500.02235174447,-187500.02235174447,0.02,-0.028,1.024
1707474620.83357,-187500.02235174447,-187500.02235174447,-187500.02235174447,-187500.02235174447,-187500.02235174447,-187500.02235174447,-187500.02235174447,-187500.02235174447,0.02,-0.028,1.024
1707474620.833595,-187500.02235174447,-187500.02235174447,-187500.02235174447,-187500.02235174447,-187500.02235174447,-187500.02235174447,-187500.02235174447,-187500.02235174447,0.02,-0.028,1.024
1707474620.833621,-187500.02235174447,-187500.02235174447,-187500.02235174447,-187500.02235174447,-187500.02235174447,-187500.02235174447,-187500.02235174447,-187500.02235174447,0.02,-0.028,1.024
1707474620.833646,-187500.02235174447,-187500.02235174447,-187500.02235174447,-187500.02235174447,-187500.02235174447,-187500.02235174447,-187500.02235174447,-187500.02235174447,0.02,-0.028,1.024
1707474620.833672,-187500.02235174447,-187500.02235174447,-187500.02235174447,-187500.02235174447,-187500.02235174447,-187500.02235174447,-187500.02235174447,-187500.02235174447,0.016,-0.03,1.03
1707474620.833697,-187500.02235174447,-187500.02235174447,-187500.02235174447,-187500.02235174447,-187500.02235174447,-187500.02235174447,-187500.02235174447,-187500.02235174447,0.016,-0.03,1.03
1707474620.833723,-187500.02235174447,-187500.02235174447,-187500.02235174447,-187500.02235174447,-187500.02235174447,-187500.02235174447,-187500.02235174447,-187500.02235174447,0.016,-0.03,1.03
1707474620.833748,-187500.02235174447,-187500.02235174447,-187500.02235174447,-187500.02235174447,-187500.02235174447,-187500.02235174447,-187500.02235174447,-187500.02235174447,0.016,-0.03,1.03
1707474620.833774,-187500.02235174447,-187500.02235174447,-187500.02235174447,-187500.02235174447,-187500.02235174447,-187500.02235174447,-187500.02235174447,-187500.02235174447,0.016,-0.03,1.03
1707474620.892224,-187500.02235174447,-187500.02235174447,-187500.02235174447,-187500.02235174447,-187500.02235174447,-187500.02235174447,-187500.02235174447,-187500.02235174447,0.016,-0.03,1.03
1707474620.892256,-187500.02235174447,-187500.02235174447,-187500.02235174447,-187500.02235174447,-187500.02235174447,-187500.02235174447,-187500.02235174447,-187500.02235174447,0.016,-0.03,1.03
1707474620.892281,-187500.02235174447,-187500.02235174447,-187500.02235174447,-187500.02235174447,-187500.02235174447,-187500.02235174447,-187500.02235174447,-187500.02235174447,0.016,-0.03,1.03
1707474620.892307,-187500.02235174447,-187500.02235174447,-187500.02235174447,-187500.02235174447,-187500.02235174447,-187500.02235174447,-187500.02235174447,-187500.02235174447,0.016,-0.03,1.03
1707474620.892332,-187500.02235174447,-187500.02235174447,-187500.02235174447,-187500.02235174447,-187500.02235174447,-187500.02235174447,-187500.02235174447,-187500.02235174447,0.016,-0.03,1.03
1707474620.892358,-187500.02235174447,-187500.02235174447,-187500.02235174447,-187500.02235174447,-187500.02235174447,-187500.02235174447,-187500.02235174447,-187500.02235174447,0.02,-0.032,1.024
1707474620.892396,-187500.02235174447,-187500.02235174447,-187500.02235174447,-187500.02235174447,-187500.02235174447,-187500.02235174447,-187500.02235174447,-187500.02235174447,0.02,-0.032,1.024
1707474620.892421,-187500.02235174447,-187500.02235174447,-187500.02235174447,-187500.02235174447,-187500.02235174447,-187500.02235174447,-187500.02235174447,-187500.02235174447,0.02,-0.032,1.024
1707474620.892446,-187500.02235174447,-187500.02235174447,-187500.02235174447,-187500.02235174447,-187500.02235174447,-187500.02235174447,-187500.02235174447,-187500.02235174447,0.02,-0.032,1.024
1707474620.892472,-187500.02235174447,-187500.02235174447,-187500.02235174447,-187500.02235174447,-187500.02235174447,-187500.02235174447,-187500.02235174447,-187500.02235174447,0.02,-0.032,1.024
1707474620.892497,-187500.02235174447,-187500.02235174447,-187500.02235174447,-187500.02235174447,-187500.02235174447,-187500.02235174447,-187500.02235174447,-187500.02235174447,0.02,-0.032,1.024
1707474620.892522,-187500.02235174447,-187500.02235174447,-187500.02235174447,-187500.02235174447,-187500.02235174447,-187500.02235174447,-187500.02235174447,-187500.02235174447,0.02,-0.032,1.024
1707474620.892548,-187500.02235174447,-187500.02235174447,-187500.02235174447,-187500.02235174447,-187500.02235174447,-187500.02235174447,-187500.02235174447,-187500.02235174447,0.02,-0.032,1.024
1707474620.892574,-187500.02235174447,-187500.02235174447,-187500.02235174447,-187500.02235174447,-187500.02235174447,-187500.02235174447,-187500.02235174447,-187500.02235174447,0.02,-0.032,1.024
1707474620.892599,-187500.02235174447,-187500.02235174447,-187500.02235174447,-187500.02235174447,-187500.02235174447,-187500.02235174447,-187500.02235174447,-187500.02235174447,0.02,-0.032,1.024
1707474620.952525,-187500.02235174447,-187500.02235174447,-187500.02235174447,-187500.02235174447,-187500.02235174447,-187500.02235174447,-187500.02235174447,-187500.02235174447,0.02,-0.034,1.022
1707474620.952565,-187500.02235174447,-187500.02235174447,-187500.02235174447,-187500.02235174447,-187500.02235174447,-187500.02235174447,-187500.02235174447,-187500.02235174447,0.02,-0.034,1.022
1707474620.95259,-187500.02235174447,-187500.02235174447,-187500.02235174447,-187500.02235174447,-187500.02235174447,-187500.02235174447,-187500.02235174447,-187500.02235174447,0.02,-0.034,1.022
1707474620.952615,-187500.02235174447,-187500.02235174447,-187500.02235174447,-187500.02235174447,-187500.02235174447,-187500.02235174447,-187500.02235174447,-187500.02235174447,0.02,-0.034,1.022
1707474620.952641,-187500.02235174447,-187500.02235174447,-187500.02235174447,-187500.02235174447,-187500.02235174447,-187500.02235174447,-187500.02235174447,-187500.02235174447,0.02,-0.034,1.022
1707474620.952666,-187500.02235174447,-187500.02235174447,-187500.02235174447,-187500.02235174447,-187500.02235174447,-187500.02235174447,-187500.02235174447,-187500.02235174447,0.02,-0.034,1.022
1707474620.952691,-187500.02235174447,-187500.02235174447,-187500.02235174447,-187500.02235174447,-187500.02235174447,-187500.02235174447,-187500.02235174447,-187500.02235174447,0.02,-0.034,1.022
1707474620.952716,-187500.02235174447,-187500.02235174447,-187500.02235174447,-187500.02235174447,-187500.02235174447,-187500.02235174447,-187500.02235174447,-187500.02235174447,0.02,-0.034,1.022
1707474620.952742,-187500.02235174447,-187500.02235174447,-187500.02235174447,-187500.02235174447,-187500.02235174447,-187500.02235174447,-187500.02235174447,-187500.02235174447,0.02,-0.034,1.022
1707474620.952767,-187500.02235174447,-187500.02235174447,-187500.02235174447,-187500.02235174447,-187500.02235174447,-187500.02235174447,-187500.02235174447,-187500.02235174447,0.02,-0.034,1.022
1707474620.952792,-187500.02235174447,-187500.02235174447,-187500.02235174447,-187500.02235174447,-187500.02235174447,-187500.02235174447,-187500.02235174447,-187500.02235174447,0.02,-0.026000000000000002,1.022
1707474620.952817,-187500.02235174447,-187500.02235174447,-187500.02235174447,-187500.02235174447,-187500.02235174447,-187500.02235174447,-187500.02235174447,-187500.02235174447,0.02,-0.026000000000000002,1.022
1707474620.952843,-187500.02235174447,-187500.02235174447,-187500.02235174447,-187500.02235174447,-187500.02235174447,-187500.02235174447,-187500.02235174447,-187500.02235174447,0.02,-0.026000000000000002,1.022
1707474620.952881,-187500.02235174447,-187500.02235174447,-187500.02235174447,-187500.02235174447,-187500.02235174447,-187500.02235174447,-187500.02235174447,-187500.02235174447,0.02,-0.026000000000000002,1.022
1707474620.952907,-187500.02235174447,-187500.02235174447,-187500.02235174447,-187500.02235174447,-187500.02235174447,-187500.02235174447,-187500.02235174447,-187500.02235174447,0.02,-0.026000000000000002,1.022
1707474621.012868,-187500.02235174447,-187500.02235174447,-187500.02235174447,-187500.02235174447,-187500.02235174447,-187500.02235174447,-187500.02235174447,-187500.02235174447,0.02,-0.026000000000000002,1.022
1707474621.01291,-187500.02235174447,-187500.02235174447,-187500.02235174447,-187500.02235174447,-187500.02235174447,-187500.02235174447,-187500.02235174447,-187500.02235174447,0.02,-0.026000000000000002,1.022
1707474621.012935,-187500.02235174447,-187500.02235174447,-187500.02235174447,-187500.02235174447,-187500.02235174447,-187500.02235174447,-187500.02235174447,-187500.02235174447,0.02,-0.026000000000000002,1.022
1707474621.012961,-187500.02235174447,-187500.02235174447,-187500.02235174447,-187500.02235174447,-187500.02235174447,-187500.02235174447,-187500.02235174447,-187500.02235174447,0.02,-0.026000000000000002,1.022
1707474621.012986,-187500.02235174447,-187500.02235174447,-187500.02235174447,-187500.02235174447,-187500.02235174447,-187500.02235174447,-187500.02235174447,-187500.02235174447,0.02,-0.026000000000000002,1.022
1707474621.013011,-187500.02235174447,-187500.02235174447,-187500.02235174447,-187500.02235174447,-187500.02235174447,-187500.02235174447,-187500.02235174447,-187500.02235174447,0.02,-0.022,1.028
1707474621.013036,-187500.02235174447,-187500.02235174447,-187500.02235174447,-187500.02235174447,-187500.02235174447,-187500.02235174447,-187500.02235174447,-187500.02235174447,0.02,-0.022,1.028
1707474621.013061,-187500.02235174447,-187500.02235174447,-187500.02235174447,-187500.02235174447,-187500.02235174447,-187500.02235174447,-187500.02235174447,-187500.02235174447,0.02,-0.022,1.028
1707474621.013086,-187500.02235174447,-187500.02235174447,-187500.02235174447,-187500.02235174447,-187500.02235174447,-187500.02235174447,-187500.02235174447,-187500.02235174447,0.02,-0.022,1.028
1707474621.013111,-187500.02235174447,-187500.02235174447,-187500.02235174447,-187500.02235174447,-187500.02235174447,-187500.02235174447,-187500.02235174447,-187500.02235174447,0.02,-0.022,1.028
1707474621.013136,-187500.02235174447,-187500.02235174447,-187500.02235174447,-187500.02235174447,-187500.02235174447,-187500.02235174447,-187500.02235174447,-187500.02235174447,0.02,-0.022,1.028
1707474621.013161,-187500.02235174447,-187500.02235174447,-187500.02235174447,-187500.02235174447,-187500.02235174447,-187500.02235174447,-187500.02235174447,-187500.02235174447,0.02,-0.022,1.028
1707474621.013187,-187500.02235174447,-187500.02235174447,-187500.02235174447,-187500.02235174447,-187500.02235174447,-187500.02235174447,-187500.02235174447,-187500.02235174447,0.02,-0.022,1.028
1707474621.013212,-187500.02235174447,-187500.02235174447,-187500.02235174447,-187500.02235174447,-187500.02235174447,-187500.02235174447,-187500.02235174447,-187500.02235174447,0.02,-0.022,1.028
1707474621.013237,-187500.02235174447,-187500.02235174447,-187500.02235174447,-187500.02235174447,-187500.02235174447,-187500.02235174447,-187500.02235174447,-187500.02235174447,0.02,-0.022,1.028
1707474621.073052,-187500.02235174447,-187500.02235174447,-187500.02235174447,-187500.02235174447,-187500.02235174447,-187500.02235174447,-187500.02235174447,-187500.02235174447,0.016,-0.022,1.028
1707474621.073091,-187500.02235174447,-187500.02235174447,-187500.02235174447,-187500.02235174447,-187500.02235174447,-187500.02235174447,-187500.02235174447,-187500.02235174447,0.016,-0.022,1.028
1707474621.073116,-187500.02235174447,-187500.02235174447,-187500.02235174447,-187500.02235174447,-187500.02235174447,-187500.02235174447,-187500.02235174447,-187500.02235174447,0.016,-0.022,1.028
1707474621.073142,-187500.02235174447,-187500.02235174447,-187500.02235174447,-187500.02235174447,-187500.02235174447,-187500.02235174447,-187500.02235174447,-187500.02235174447,0.016,-0.022,1.028
1707474621.073189,-187500.02235174447,-187500.02235174447,-187500.02235174447,-187500.02235174447,-187500.02235174447,-187500.02235174447,-187500.02235174447,-187500.02235174447,0.016,-0.022,1.028
1707474621.073215,-187500.02235174447,-187500.02235174447,-187500.02235174447,-187500.02235174447,-187500.02235174447,-187500.02235174447,-187500.02235174447,-187500.02235174447,0.016,-0.022,1.028
1707474621.07324,-187500.02235174447,-187500.02235174447,-187500.02235174447,-187500.02235174447,-187500.02235174447,-187500.02235174447,-187500.02235174447,-187500.02235174447,0.016,-0.022,1.028
1707474621.073265,-187500.02235174447,-187500.02235174447,-187500.02235174447,-187500.02235174447,-187500.02235174447,-187500.02235174447,-187500.02235174447,-187500.02235174447,0.016,-0.022,1.028
1707474621.07329,-187500.02235174447,-187500.02235174447,-187500.02235174447,-187500.02235174447,-187500.02235174447,-187500.02235174447,-187500.02235174447,-187500.02235174447,0.016,-0.022,1.028
1707474621.073316,-187500.02235174447,-187500.02235174447,-187500.02235174447,-187500.02235174447,-187500.02235174447,-187500.02235174447,-187500.02235174447,-187500.02235174447,0.016,-0.022,1.028
1707474621.073341,-187500.02235174447,-187500.02235174447,-187500.02235174447,-187500.02235174447,-187500.02235174447,-187500.02235174447,-187500.02235174447,-187500.02235174447,0.012,-0.024,1.02
1707474621.073366,-187500.02235174447,-187500.02235174447,-187500.02235174447,-187500.02235174447,-187500.02235174447,-187500.02235174447,-187500.02235174447,-187500.02235174447,0.012,-0.024,1.02
1707474621.073392,-187500.02235174447,-187500.02235174447,-187500.02235174447,-187500.02235174447,-187500.02235174447,-187500.02235174447,-187500.02235174447,-187500.02235174447,0.012,-0.024,1.02
1707474621.073418,-187500.02235174447,-187500.02235174447,-187500.02235174447,-187500.02235174447,-187500.02235174447,-187500.02235174447,-187500.02235174447,-187500.02235174447,0.012,-0.024,1.02
1707474621.073443,-187500.02235174447,-187500.02235174447,-187500.02235174447,-187500.02235174447,-187500.02235174447,-187500.02235174447,-187500.02235174447,-187500.02235174447,0.012,-0.024,1.02
1707474621.13331,-187500.02235174447,-187500.02235174447,-187500.02235174447,-187500.02235174447,-187500.02235174447,-187500.02235174447,-187500.02235174447,-187500.02235174447,0.012,-0.024,1.02
1707474621.133341,-187500.02235174447,-187500.02235174447,-187500.02235174447,-187500.02235174447,-187500.02235174447,-187500.02235174447,-187500.02235174447,-187500.02235174447,0.012,-0.024,1.02
1707474621.133367,-187500.02235174447,-187500.02235174447,-187500.02235174447,-187500.02235174447,-187500.02235174447,-187500.02235174447,-187500.02235174447,-187500.02235174447,0.012,-0.024,1.02
1707474621.133392,-187500.02235174447,-187500.02235174447,-187500.02235174447,-187500.02235174447,-187500.02235174447,-187500.02235174447,-187500.02235174447,-187500.02235174447,0.012,-0.024,1.02
1707474621.133418,-187500.02235174447,-187500.02235174447,-187500.02235174447,-187500.02235174447,-187500.02235174447,-187500.02235174447,-187500.02235174447,-187500.02235174447,0.012,-0.024,1.02
1707474621.133443,-187500.02235174447,-187500.02235174447,-187500.02235174447,-187500.02235174447,-187500.02235174447,-187500.02235174447,-187500.02235174447,-187500.02235174447,0.012,-0.024,1.02
1707474621.133468,-187500.02235174447,-187500.02235174447,-187500.02235174447,-187500.02235174447,-187500.02235174447,-187500.02235174447,-187500.02235174447,-187500.02235174447,0.018000000000000002,-0.03,1.014
1707474621.133494,-187500.02235174447,-187500.02235174447,-187500.02235174447,-187500.02235174447,-187500.02235174447,-187500.02235174447,-187500.02235174447,-187500.02235174447,0.018000000000000002,-0.03,1.014
1707474621.133519,-187500.02235174447,-187500.02235174447,-187500.02235174447,-187500.02235174447,-187500.02235174447,-187500.02235174447,-187500.02235174447,-187500.02235174447,0.018000000000000002,-0.03,1.014
1707474621.133544,-187500.02235174447,-187500.02235174447,-187500.02235174447,-187500.02235174447,-187500.02235174447,-187500.02235174447,-187500.02235174447,-187500.02235174447,0.018000000000000002,-0.03,1.014
1707474621.133581,-187500.02235174447,-187500.02235174447,-187500.02235174447,-187500.02235174447,-187500.02235174447,-187500.02235174447,-187500.02235174447,-187500.02235174447,0.018000000000000002,-0.03,1.014
1707474621.133607,-187500.02235174447,-187500.02235174447,-187500.02235174447,-187500.02235174447,-187500.02235174447,-187500.02235174447,-187500.02235174447,-187500.02235174447,0.018000000000000002,-0.03,1.014
1707474621.133633,-187500.02235174447,-187500.02235174447,-187500.02235174447,-187500.02235174447,-187500.02235174447,-187500.02235174447,-187500.02235174447,-187500.02235174447,0.018000000000000002,-0.03,1.014
1707474621.133658,-187500.02235174447,-187500.02235174447,-187500.02235174447,-187500.02235174447,-187500.02235174447,-187500.02235174447,-187500.02235174447,-187500.02235174447,0.018000000000000002,-0.03,1.014
1707474621.133683,-187500.02235174447,-187500.02235174447,-187500.02235174447,-187500.02235174447,-187500.02235174447,-187500.02235174447,-187500.02235174447,-187500.02235174447,0.018000000000000002,-0.03,1.014
1707474621.194259,-187500.02235174447,-187500.02235174447,-187500.02235174447,-187500.02235174447,-187500.02235174447,-187500.02235174447,-187500.02235174447,-187500.02235174447,0.018000000000000002,-0.03,1.014
1707474621.194295,-187500.02235174447,-187500.02235174447,-187500.02235174447,-187500.02235174447,-187500.02235174447,-187500.02235174447,-187500.02235174447,-187500.02235174447,0.018000000000000002,-0.03,1.012
1707474621.19432,-187500.02235174447,-187500.02235174447,-187500.02235174447,-187500.02235174447,-187500.02235174447,-187500.02235174447,-187500.02235174447,-187500.02235174447,0.018000000000000002,-0.03,1.012
1707474621.194345,-187500.02235174447,-187500.02235174447,-187500.02235174447,-187500.02235174447,-187500.02235174447,-187500.02235174447,-187500.02235174447,-187500.02235174447,0.018000000000000002,-0.03,1.012
1707474621.194371,-187500.02235174447,-187500.02235174447,-187500.02235174447,-187500.02235174447,-187500.02235174447,-187500.02235174447,-187500.02235174447,-187500.02235174447,0.018000000000000002,-0.03,1.012
1707474621.194396,-187500.02235174447,-187500.02235174447,-187500.02235174447,-187500.02235174447,-187500.02235174447,-187500.02235174447,-187500.02235174447,-187500.02235174447,0.018000000000000002,-0.03,1.012
1707474621.194421,-187500.02235174447,-187500.02235174447,-187500.02235174447,-187500.02235174447,-187500.02235174447,-187500.02235174447,-187500.02235174447,-187500.02235174447,0.018000000000000002,-0.03,1.012
1707474621.194446,-187500.02235174447,-187500.02235174447,-187500.02235174447,-187500.02235174447,-187500.02235174447,-187500.02235174447,-187500.02235174447,-187500.02235174447,0.018000000000000002,-0.03,1.012
1707474621.194472,-187500.02235174447,-187500.02235174447,-187500.02235174447,-187500.02235174447,-187500.02235174447,-187500.02235174447,-187500.02235174447,-187500.02235174447,0.018000000000000002,-0.03,1.012
1707474621.194497,-187500.02235174447,-187500.02235174447,-187500.02235174447,-187500.02235174447,-187500.02235174447,-187500.02235174447,-187500.02235174447,-187500.02235174447,0.018000000000000002,-0.03,1.012
1707474621.194522,-187500.02235174447,-187500.02235174447,-187500.02235174447,-187500.02235174447,-187500.02235174447,-187500.02235174447,-187500.02235174447,-187500.02235174447,0.018000000000000002,-0.03,1.012
1707474621.194548,-187500.02235174447,-187500.02235174447,-187500.02235174447,-187500.02235174447,-187500.02235174447,-187500.02235174447,-187500.02235174447,-187500.02235174447,0.016,-0.026000000000000002,1.014
1707474621.194573,-187500.02235174447,-187500.02235174447,-187500.02235174447,-187500.02235174447,-187500.02235174447,-187500.02235174447,-187500.02235174447,-187500.02235174447,0.016,-0.026000000000000002,1.014
1707474621.194598,-187500.02235174447,-187500.02235174447,-187500.02235174447,-187500.02235174447,-187500.02235174447,-187500.02235174447,-187500.02235174447,-187500.02235174447,0.016,-0.026000000000000002,1.014
1707474621.194624,-187500.02235174447,-187500.02235174447,-187500.02235174447,-187500.02235174447,-187500.02235174447,-187500.02235174447,-187500.02235174447,-187500.02235174447,0.016,-0.026000000000000002,1.014
1707474621.252471,-187500.02235174447,-187500.02235174447,-187500.02235174447,-187500.02235174447,-187500.02235174447,-187500.02235174447,-187500.02235174447,-187500.02235174447,0.016,-0.026000000000000002,1.014
1707474621.2525,-187500.02235174447,-187500.02235174447,-187500.02235174447,-187500.02235174447,-187500.02235174447,-187500.02235174447,-187500.02235174447,-187500.02235174447,0.016,-0.026000000000000002,1.014
1707474621.252536,-187500.02235174447,-187500.02235174447,-187500.02235174447,-187500.02235174447,-187500.02235174447,-187500.02235174447,-187500.02235174447,-187500.02235174447,0.016,-0.026000000000000002,1.014
1707474621.252562,-187500.02235174447,-187500.02235174447,-187500.02235174447,-187500.02235174447,-187500.02235174447,-187500.02235174447,-187500.02235174447,-187500.02235174447,0.016,-0.026000000000000002,1.014
1707474621.252587,-187500.02235174447,-187500.02235174447,-187500.02235174447,-187500.02235174447,-187500.02235174447,-187500.02235174447,-187500.02235174447,-187500.02235174447,0.016,-0.026000000000000002,1.014
1707474621.252611,-187500.02235174447,-187500.02235174447,-187500.02235174447,-187500.02235174447,-187500.02235174447,-187500.02235174447,-187500.02235174447,-187500.02235174447,0.016,-0.026000000000000002,1.014
1707474621.252637,-187500.02235174447,-187500.02235174447,-187500.02235174447,-187500.02235174447,-187500.02235174447,-187500.02235174447,-187500.02235174447,-187500.02235174447,0.024,-0.024,1.026
1707474621.252661,-187500.02235174447,-187500.02235174447,-187500.02235174447,-187500.02235174447,-187500.02235174447,-187500.02235174447,-187500.02235174447,-187500.02235174447,0.024,-0.024,1.026
1707474621.252686,-187500.02235174447,-187500.02235174447,-187500.02235174447,-187500.02235174447,-187500.02235174447,-187500.02235174447,-187500.02235174447,-187500.02235174447,0.024,-0.024,1.026
1707474621.252711,-187500.02235174447,-187500.02235174447,-187500.02235174447,-187500.02235174447,-187500.02235174447,-187500.02235174447,-187500.02235174447,-187500.02235174447,0.024,-0.024,1.026
1707474621.252737,-187500.02235174447,-187500.02235174447,-187500.02235174447,-187500.02235174447,-187500.02235174447,-187500.02235174447,-187500.02235174447,-187500.02235174447,0.024,-0.024,1.026
1707474621.252762,-187500.02235174447,-187500.02235174447,-187500.02235174447,-187500.02235174447,-187500.02235174447,-187500.02235174447,-187500.02235174447,-187500.02235174447,0.024,-0.024,1.026
1707474621.252787,-187500.02235174447,-187500.02235174447,-187500.02235174447,-187500.02235174447,-187500.02235174447,-187500.02235174447,-187500.02235174447,-187500.02235174447,0.024,-0.024,1.026
1707474621.252812,-187500.02235174447,-187500.02235174447,-187500.02235174447,-187500.02235174447,-187500.02235174447,-187500.02235174447,-187500.02235174447,-187500.02235174447,0.024,-0.024,1.026
1707474621.252837,-187500.02235174447,-187500.02235174447,-187500.02235174447,-187500.02235174447,-187500.02235174447,-187500.02235174447,-187500.02235174447,-187500.02235174447,0.024,-0.024,1.026
1707474621.312765,-187500.02235174447,-187500.02235174447,-187500.02235174447,-187500.02235174447,-187500.02235174447,-187500.02235174447,-187500.02235174447,-187500.02235174447,0.024,-0.024,1.026
1707474621.312796,-187500.02235174447,-187500.02235174447,-187500.02235174447,-187500.02235174447,-187500.02235174447,-187500.02235174447,-187500.02235174447,-187500.02235174447,0.028,-0.026000000000000002,1.028
1707474621.312822,-187500.02235174447,-187500.02235174447,-187500.02235174447,-187500.02235174447,-187500.02235174447,-187500.02235174447,-187500.02235174447,-187500.02235174447,0.028,-0.026000000000000002,1.028
1707474621.312847,-187500.02235174447,-187500.02235174447,-187500.02235174447,-187500.02235174447,-187500.02235174447,-187500.02235174447,-187500.02235174447,-187500.02235174447,0.028,-0.026000000000000002,1.028
1707474621.312872,-187500.02235174447,-187500.02235174447,-187500.02235174447,-187500.02235174447,-187500.02235174447,-187500.02235174447,-187500.02235174447,-187500.02235174447,0.028,-0.026000000000000002,1.028
1707474621.312897,-187500.02235174447,-187500.02235174447,-187500.02235174447,-187500.02235174447,-187500.02235174447,-187500.02235174447,-187500.02235174447,-187500.02235174447,0.028,-0.026000000000000002,1.028
1707474621.312922,-187500.02235174447,-187500.02235174447,-187500.02235174447,-187500.02235174447,-187500.02235174447,-187500.02235174447,-187500.02235174447,-187500.02235174447,0.028,-0.026000000000000002,1.028
1707474621.312947,-187500.02235174447,-187500.02235174447,-187500.02235174447,-187500.02235174447,-187500.02235174447,-187500.02235174447,-187500.02235174447,-187500.02235174447,0.028,-0.026000000000000002,1.028
1707474621.31298,-187500.02235174447,-187500.02235174447,-187500.02235174447,-187500.02235174447,-187500.02235174447,-187500.02235174447,-187500.02235174447,-187500.02235174447,0.028,-0.026000000000000002,1.028
1707474621.313005,-187500.02235174447,-187500.02235174447,-187500.02235174447,-187500.02235174447,-187500.02235174447,-187500.02235174447,-187500.02235174447,-187500.02235174447,0.028,-0.026000000000000002,1.028
1707474621.31303,-187500.02235174447,-187500.02235174447,-187500.02235174447,-187500.02235174447,-187500.02235174447,-187500.02235174447,-187500.02235174447,-187500.02235174447,0.028,-0.026000000000000002,1.028
1707474621.313055,-187500.02235174447,-187500.02235174447,-187500.02235174447,-187500.02235174447,-187500.02235174447,-187500.02235174447,-187500.02235174447,-187500.02235174447,0.03,-0.026000000000000002,1.024
1707474621.31308,-187500.02235174447,-187500.02235174447,-187500.02235174447,-187500.02235174447,-187500.02235174447,-187500.02235174447,-187500.02235174447,-187500.02235174447,0.03,-0.026000000000000002,1.024
1707474621.313105,-187500.02235174447,-187500.02235174447,-187500.02235174447,-187500.02235174447,-187500.02235174447,-187500.02235174447,-187500.02235174447,-187500.02235174447,0.03,-0.026000000000000002,1.024
1707474621.31313,-187500.02235174447,-187500.02235174447,-187500.02235174447,-187500.02235174447,-187500.02235174447,-187500.02235174447,-187500.02235174447,-187500.02235174447,0.03,-0.026000000000000002,1.024
1707474621.373097,-187500.02235174447,-187500.02235174447,-187500.02235174447,-187500.02235174447,-187500.02235174447,-187500.02235174447,-187500.02235174447,-187500.02235174447,0.03,-0.026000000000000002,1.024
1707474621.373141,-187500.02235174447,-187500.02235174447,-187500.02235174447,-187500.02235174447,-187500.02235174447,-187500.02235174447,-187500.02235174447,-187500.02235174447,0.03,-0.026000000000000002,1.024
1707474621.373167,-187500.02235174447,-187500.02235174447,-187500.02235174447,-187500.02235174447,-187500.02235174447,-187500.02235174447,-187500.02235174447,-187500.02235174447,0.03,-0.026000000000000002,1.024
1707474621.373192,-187500.02235174447,-187500.02235174447,-187500.02235174447,-187500.02235174447,-187500.02235174447,-187500.02235174447,-187500.02235174447,-187500.02235174447,0.03,-0.026000000000000002,1.024
1707474621.373218,-187500.02235174447,-187500.02235174447,-187500.02235174447,-187500.02235174447,-187500.02235174447,-187500.02235174447,-187500.02235174447,-187500.02235174447,0.03,-0.026000000000000002,1.024
1707474621.373243,-187500.02235174447,-187500.02235174447,-187500.02235174447,-187500.02235174447,-187500.02235174447,-187500.02235174447,-187500.02235174447,-187500.02235174447,0.03,-0.026000000000000002,1.024
1707474621.373269,-187500.02235174447,-187500.02235174447,-187500.02235174447,-187500.02235174447,-187500.02235174447,-187500.02235174447,-187500.02235174447,-187500.02235174447,0.028,-0.026000000000000002,1.014
1707474621.373294,-187500.02235174447,-187500.02235174447,-187500.02235174447,-187500.02235174447,-187500.02235174447,-187500.02235174447,-187500.02235174447,-187500.02235174447,0.028,-0.026000000000000002,1.014
1707474621.37332,-187500.02235174447,-187500.02235174447,-187500.02235174447,-187500.02235174447,-187500.02235174447,-187500.02235174447,-187500.02235174447,-187500.02235174447,0.028,-0.026000000000000002,1.014
1707474621.373345,-187500.02235174447,-187500.02235174447,-187500.02235174447,-187500.02235174447,-187500.02235174447,-187500.02235174447,-187500.02235174447,-187500.02235174447,0.028,-0.026000000000000002,1.014
1707474621.373371,-187500.02235174447,-187500.02235174447,-187500.02235174447,-187500.02235174447,-187500.02235174447,-187500.02235174447,-187500.02235174447,-187500.02235174447,0.028,-0.026000000000000002,1.014
1707474621.373396,-187500.02235174447,-187500.02235174447,-187500.02235174447,-187500.02235174447,-187500.02235174447,-187500.02235174447,-187500.02235174447,-187500.02235174447,0.028,-0.026000000000000002,1.014
1707474621.373422,-187500.02235174447,-187500.02235174447,-187500.02235174447,-187500.02235174447,-187500.02235174447,-187500.02235174447,-187500.02235174447,-187500.02235174447,0.028,-0.026000000000000002,1.014
1707474621.373448,-187500.02235174447,-187500.02235174447,-187500.02235174447,-187500.02235174447,-187500.02235174447,-187500.02235174447,-187500.02235174447,-187500.02235174447,0.028,-0.026000000000000002,1.014
1707474621.373489,-187500.02235174447,-187500.02235174447,-187500.02235174447,-187500.02235174447,-187500.02235174447,-187500.02235174447,-187500.02235174447,-187500.02235174447,0.028,-0.026000000000000002,1.014
1707474621.433271,-187500.02235174447,-187500.02235174447,-187500.02235174447,-187500.02235174447,-187500.02235174447,-187500.02235174447,-187500.02235174447,-187500.02235174447,0.028,-0.026000000000000002,1.014
1707474621.4333,-187500.02235174447,-187500.02235174447,-187500.02235174447,-187500.02235174447,-187500.02235174447,-187500.02235174447,-187500.02235174447,-187500.02235174447,0.028,-0.026000000000000002,1.014
1707474621.433325,-187500.02235174447,-187500.02235174447,-187500.02235174447,-187500.02235174447,-187500.02235174447,-187500.02235174447,-187500.02235174447,-187500.02235174447,0.024,-0.028,1.024
1707474621.43335,-187500.02235174447,-187500.02235174447,-187500.02235174447,-187500.02235174447,-187500.02235174447,-187500.02235174447,-187500.02235174447,-187500.02235174447,0.024,-0.028,1.024
1707474621.433375,-187500.02235174447,-187500.02235174447,-187500.02235174447,-187500.02235174447,-187500.02235174447,-187500.02235174447,-187500.02235174447,-187500.02235174447,0.024,-0.028,1.024
1707474621.433401,-187500.02235174447,-187500.02235174447,-187500.02235174447,-187500.02235174447,-187500.02235174447,-187500.02235174447,-187500.02235174447,-187500.02235174447,0.024,-0.028,1.024
1707474621.433426,-187500.02235174447,-187500.02235174447,-187500.02235174447,-187500.02235174447,-187500.02235174447,-187500.02235174447,-187500.02235174447,-187500.02235174447,0.024,-0.028,1.024
1707474621.433451,-187500.02235174447,-187500.02235174447,-187500.02235174447,-187500.02235174447,-187500.02235174447,-187500.02235174447,-187500.02235174447,-187500.02235174447,0.024,-0.028,1.024
1707474621.433476,-187500.02235174447,-187500.02235174447,-187500.02235174447,-187500.02235174447,-187500.02235174447,-187500.02235174447,-187500.02235174447,-187500.02235174447,0.024,-0.028,1.024
1707474621.433501,-187500.02235174447,-187500.02235174447,-187500.02235174447,-187500.02235174447,-187500.02235174447,-187500.02235174447,-187500.02235174447,-187500.02235174447,0.024,-0.028,1.024
1707474621.433526,-187500.02235174447,-187500.02235174447,-187500.02235174447,-187500.02235174447,-187500.02235174447,-187500.02235174447,-187500.02235174447,-187500.02235174447,0.024,-0.028,1.024
1707474621.433551,-187500.02235174447,-187500.02235174447,-187500.02235174447,-187500.02235174447,-187500.02235174447,-187500.02235174447,-187500.02235174447,-187500.02235174447,0.024,-0.028,1.024
1707474621.433577,-187500.02235174447,-187500.02235174447,-187500.02235174447,-187500.02235174447,-187500.02235174447,-187500.02235174447,-187500.02235174447,-187500.02235174447,0.022,-0.032,1.024
1707474621.433602,-187500.02235174447,-187500.02235174447,-187500.02235174447,-187500.02235174447,-187500.02235174447,-187500.02235174447,-187500.02235174447,-187500.02235174447,0.022,-0.032,1.024
1707474621.433628,-187500.02235174447,-187500.02235174447,-187500.02235174447,-187500.02235174447,-187500.02235174447,-187500.02235174447,-187500.02235174447,-187500.02235174447,0.022,-0.032,1.024
1707474621.493635,-187500.02235174447,-187500.02235174447,-187500.02235174447,-187500.02235174447,-187500.02235174447,-187500.02235174447,-187500.02235174447,-187500.02235174447,0.022,-0.032,1.024
1707474621.493664,-187500.02235174447,-187500.02235174447,-187500.02235174447,-187500.02235174447,-187500.02235174447,-187500.02235174447,-187500.02235174447,-187500.02235174447,0.022,-0.032,1.024
1707474621.493689,-187500.02235174447,-187500.02235174447,-187500.02235174447,-187500.02235174447,-187500.02235174447,-187500.02235174447,-187500.02235174447,-187500.02235174447,0.022,-0.032,1.024
1707474621.493715,-187500.02235174447,-187500.02235174447,-187500.02235174447,-187500.02235174447,-187500.02235174447,-187500.02235174447,-187500.02235174447,-187500.02235174447,0.022,-0.032,1.024
1707474621.49374,-187500.02235174447,-187500.02235174447,-187500.02235174447,-187500.02235174447,-187500.02235174447,-187500.02235174447,-187500.02235174447,-187500.02235174447,0.022,-0.032,1.024
1707474621.493765,-187500.02235174447,-187500.02235174447,-187500.02235174447,-187500.02235174447,-187500.02235174447,-187500.02235174447,-187500.02235174447,-187500.02235174447,0.022,-0.032,1.024
1707474621.493801,-187500.02235174447,-187500.02235174447,-187500.02235174447,-187500.02235174447,-187500.02235174447,-187500.02235174447,-187500.02235174447,-187500.02235174447,0.022,-0.032,1.024
1707474621.493826,-187500.02235174447,-187500.02235174447,-187500.02235174447,-187500.02235174447,-187500.02235174447,-187500.02235174447,-187500.02235174447,-187500.02235174447,0.02,-0.03,1.026
1707474621.493852,-187500.02235174447,-187500.02235174447,-187500.02235174447,-187500.02235174447,-187500.02235174447,-187500.02235174447,-187500.02235174447,-187500.02235174447,0.02,-0.03,1.026
1707474621.493877,-187500.02235174447,-187500.02235174447,-187500.02235174447,-187500.02235174447,-187500.02235174447,-187500.02235174447,-187500.02235174447,-187500.02235174447,0.02,-0.03,1.026
1707474621.493903,-187500.02235174447,-187500.02235174447,-187500.02235174447,-187500.02235174447,-187500.02235174447,-187500.02235174447,-187500.02235174447,-187500.02235174447,0.02,-0.03,1.026
1707474621.493928,-187500.02235174447,-187500.02235174447,-187500.02235174447,-187500.02235174447,-187500.02235174447,-187500.02235174447,-187500.02235174447,-187500.02235174447,0.02,-0.03,1.026
1707474621.493953,-187500.02235174447,-187500.02235174447,-187500.02235174447,-187500.02235174447,-187500.02235174447,-187500.02235174447,-187500.02235174447,-187500.02235174447,0.02,-0.03,1.026
1707474621.493979,-187500.02235174447,-187500.02235174447,-187500.02235174447,-187500.02235174447,-187500.02235174447,-187500.02235174447,-187500.02235174447,-187500.02235174447,0.02,-0.03,1.026
1707474621.494005,-187500.02235174447,-187500.02235174447,-187500.02235174447,-187500.02235174447,-187500.02235174447,-187500.02235174447,-187500.02235174447,-187500.02235174447,0.02,-0.03,1.026
1707474621.494052,-187500.02235174447,-187500.02235174447,-187500.02235174447,-187500.02235174447,-187500.02235174447,-187500.02235174447,-187500.02235174447,-187500.02235174447,0.02,-0.03,1.026
1707474621.553514,-187500.02235174447,-187500.02235174447,-187500.02235174447,-187500.02235174447,-187500.02235174447,-187500.02235174447,-187500.02235174447,-187500.02235174447,0.02,-0.03,1.026
1707474621.553547,-187500.02235174447,-187500.02235174447,-187500.02235174447,-187500.02235174447,-187500.02235174447,-187500.02235174447,-187500.02235174447,-187500.02235174447,0.018000000000000002,-0.026000000000000002,1.02
1707474621.553572,-187500.02235174447,-187500.02235174447,-187500.02235174447,-187500.02235174447,-187500.02235174447,-187500.02235174447,-187500.02235174447,-187500.02235174447,0.018000000000000002,-0.026000000000000002,1.02
1707474621.553598,-187500.02235174447,-187500.02235174447,-187500.02235174447,-187500.02235174447,-187500.02235174447,-187500.02235174447,-187500.02235174447,-187500.02235174447,0.018000000000000002,-0.026000000000000002,1.02
1707474621.553623,-187500.02235174447,-187500.02235174447,-187500.02235174447,-187500.02235174447,-187500.02235174447,-187500.02235174447,-187500.02235174447,-187500.02235174447,0.018000000000000002,-0.026000000000000002,1.02
1707474621.553648,-187500.02235174447,-187500.02235174447,-187500.02235174447,-187500.02235174447,-187500.02235174447,-187500.02235174447,-187500.02235174447,-187500.02235174447,0.018000000000000002,-0.026000000000000002,1.02
1707474621.553674,-187500.02235174447,-187500.02235174447,-187500.02235174447,-187500.02235174447,-187500.02235174447,-187500.02235174447,-187500.02235174447,-187500.02235174447,0.018000000000000002,-0.026000000000000002,1.02
1707474621.553699,-187500.02235174447,-187500.02235174447,-187500.02235174447,-187500.02235174447,-187500.02235174447,-187500.02235174447,-187500.02235174447,-187500.02235174447,0.018000000000000002,-0.026000000000000002,1.02
1707474621.553724,-187500.02235174447,-187500.02235174447,-187500.02235174447,-187500.02235174447,-187500.02235174447,-187500.02235174447,-187500.02235174447,-187500.02235174447,0.018000000000000002,-0.026000000000000002,1.02
1707474621.55375,-187500.02235174447,-187500.02235174447,-187500.02235174447,-187500.02235174447,-187500.02235174447,-187500.02235174447,-187500.02235174447,-187500.02235174447,0.018000000000000002,-0.026000000000000002,1.02
1707474621.553775,-187500.02235174447,-187500.02235174447,-187500.02235174447,-187500.02235174447,-187500.02235174447,-187500.02235174447,-187500.02235174447,-187500.02235174447,0.018000000000000002,-0.026000000000000002,1.02
1707474621.553812,-187500.02235174447,-187500.02235174447,-187500.02235174447,-187500.02235174447,-187500.02235174447,-187500.02235174447,-187500.02235174447,-187500.02235174447,0.022,-0.022,1.012
1707474621.553838,-187500.02235174447,-187500.02235174447,-187500.02235174447,-187500.02235174447,-187500.02235174447,-187500.02235174447,-187500.02235174447,-187500.02235174447,0.022,-0.022,1.012
1707474621.553863,-187500.02235174447,-187500.02235174447,-187500.02235174447,-187500.02235174447,-187500.02235174447,-187500.02235174447,-187500.02235174447,-187500.02235174447,0.022,-0.022,1.012
1707474621.553889,-187500.02235174447,-187500.02235174447,-187500.02235174447,-187500.02235174447,-187500.02235174447,-187500.02235174447,-187500.02235174447,-187500.02235174447,0.022,-0.022,1.012
1707474621.613579,-187500.02235174447,-187500.02235174447,-187500.02235174447,-187500.02235174447,-187500.02235174447,-187500.02235174447,-187500.02235174447,-187500.02235174447,0.022,-0.022,1.012
1707474621.613657,-187500.02235174447,-187500.02235174447,-187500.02235174447,-187500.02235174447,-187500.02235174447,-187500.02235174447,-187500.02235174447,-187500.02235174447,0.022,-0.022,1.012
1707474621.613683,-187500.02235174447,-187500.02235174447,-187500.02235174447,-187500.02235174447,-187500.02235174447,-187500.02235174447,-187500.02235174447,-187500.02235174447,0.022,-0.022,1.012
1707474621.613708,-187500.02235174447,-187500.02235174447,-187500.02235174447,-187500.02235174447,-187500.02235174447,-187500.02235174447,-187500.02235174447,-187500.02235174447,0.022,-0.022,1.012
1707474621.613733,-187500.02235174447,-187500.02235174447,-187500.02235174447,-187500.02235174447,-187500.02235174447,-187500.02235174447,-187500.02235174447,-187500.02235174447,0.022,-0.022,1.012
1707474621.613758,-187500.02235174447,-187500.02235174447,-187500.02235174447,-187500.02235174447,-187500.02235174447,-187500.02235174447,-187500.02235174447,-187500.02235174447,0.022,-0.022,1.012
1707474621.613783,-187500.02235174447,-187500.02235174447,-187500.02235174447,-187500.02235174447,-187500.02235174447,-187500.02235174447,-187500.02235174447,-187500.02235174447,0.022,-0.022,1.014
1707474621.613808,-187500.02235174447,-187500.02235174447,-187500.02235174447,-187500.02235174447,-187500.02235174447,-187500.02235174447,-187500.02235174447,-187500.02235174447,0.022,-0.022,1.014
1707474621.613833,-187500.02235174447,-187500.02235174447,-187500.02235174447,-187500.02235174447,-187500.02235174447,-187500.02235174447,-187500.02235174447,-187500.02235174447,0.022,-0.022,1.014
1707474621.613859,-187500.02235174447,-187500.02235174447,-187500.02235174447,-187500.02235174447,-187500.02235174447,-187500.02235174447,-187500.02235174447,-187500.02235174447,0.022,-0.022,1.014
1707474621.613884,-187500.02235174447,-187500.02235174447,-187500.02235174447,-187500.02235174447,-187500.02235174447,-187500.02235174447,-187500.02235174447,-187500.02235174447,0.022,-0.022,1.014
1707474621.613909,-187500.02235174447,-187500.02235174447,-187500.02235174447,-187500.02235174447,-187500.02235174447,-187500.02235174447,-187500.02235174447,-187500.02235174447,0.022,-0.022,1.014
1707474621.613934,-187500.02235174447,-187500.02235174447,-187500.02235174447,-187500.02235174447,-187500.02235174447,-187500.02235174447,-187500.02235174447,-187500.02235174447,0.022,-0.022,1.014
1707474621.61396,-187500.02235174447,-187500.02235174447,-187500.02235174447,-187500.02235174447,-187500.02235174447,-187500.02235174447,-187500.02235174447,-187500.02235174447,0.022,-0.022,1.014
1707474621.613985,-187500.02235174447,-187500.02235174447,-187500.02235174447,-187500.02235174447,-187500.02235174447,-187500.02235174447,-187500.02235174447,-187500.02235174447,0.022,-0.022,1.014
1707474621.673362,-187500.02235174447,-187500.02235174447,-187500.02235174447,-187500.02235174447,-187500.02235174447,-187500.02235174447,-187500.02235174447,-187500.02235174447,0.022,-0.022,1.014
1707474621.673396,-187500.02235174447,-187500.02235174447,-187500.02235174447,-187500.02235174447,-187500.02235174447,-187500.02235174447,-187500.02235174447,-187500.02235174447,0.022,-0.02,1.016
1707474621.673434,-187500.02235174447,-187500.02235174447,-187500.02235174447,-187500.02235174447,-187500.02235174447,-187500.02235174447,-187500.02235174447,-187500.02235174447,0.022,-0.02,1.016
1707474621.67346,-187500.02235174447,-187500.02235174447,-187500.02235174447,-187500.02235174447,-187500.02235174447,-187500.02235174447,-187500.02235174447,-187500.02235174447,0.022,-0.02,1.016
1707474621.673485,-187500.02235174447,-187500.02235174447,-187500.02235174447,-187500.02235174447,-187500.02235174447,-187500.02235174447,-187500.02235174447,-187500.02235174447,0.022,-0.02,1.016
1707474621.673511,-187500.02235174447,-187500.02235174447,-187500.02235174447,-187500.02235174447,-187500.02235174447,-187500.02235174447,-187500.02235174447,-187500.02235174447,0.022,-0.02,1.016
1707474621.673536,-187500.02235174447,-187500.02235174447,-187500.02235174447,-187500.02235174447,-187500.02235174447,-187500.02235174447,-187500.02235174447,-187500.02235174447,0.022,-0.02,1.016
1707474621.673561,-187500.02235174447,-187500.02235174447,-187500.02235174447,-187500.02235174447,-187500.02235174447,-187500.02235174447,-187500.02235174447,-187500.02235174447,0.022,-0.02,1.016
1707474621.673586,-187500.02235174447,-187500.02235174447,-187500.02235174447,-187500.02235174447,-187500.02235174447,-187500.02235174447,-187500.02235174447,-187500.02235174447,0.022,-0.02,1.016
1707474621.673611,-187500.02235174447,-187500.02235174447,-187500.02235174447,-187500.02235174447,-187500.02235174447,-187500.02235174447,-187500.02235174447,-187500.02235174447,0.022,-0.02,1.016
1707474621.673636,-187500.02235174447,-187500.02235174447,-187500.02235174447,-187500.02235174447,-187500.02235174447,-187500.02235174447,-187500.02235174447,-187500.02235174447,0.022,-0.02,1.016
1707474621.673662,-187500.02235174447,-187500.02235174447,-187500.02235174447,-187500.02235174447,-187500.02235174447,-187500.02235174447,-187500.02235174447,-187500.02235174447,0.022,-0.02,1.016
1707474621.673688,-187500.02235174447,-187500.02235174447,-187500.02235174447,-187500.02235174447,-187500.02235174447,-187500.02235174447,-187500.02235174447,-187500.02235174447,0.024,-0.024,1.024
1707474621.673713,-187500.02235174447,-187500.02235174447,-187500.02235174447,-187500.02235174447,-187500.02235174447,-187500.02235174447,-187500.02235174447,-187500.02235174447,0.024,-0.024,1.024
1707474621.673739,-187500.02235174447,-187500.02235174447,-187500.02235174447,-187500.02235174447,-187500.02235174447,-187500.02235174447,-187500.02235174447,-187500.02235174447,0.024,-0.024,1.024
1707474621.733644,-187500.02235174447,-187500.02235174447,-187500.02235174447,-187500.02235174447,-187500.02235174447,-187500.02235174447,-187500.02235174447,-187500.02235174447,0.024,-0.024,1.024
1707474621.733674,-187500.02235174447,-187500.02235174447,-187500.02235174447,-187500.02235174447,-187500.02235174447,-187500.02235174447,-187500.02235174447,-187500.02235174447,0.024,-0.024,1.024
1707474621.733699,-187500.02235174447,-187500.02235174447,-187500.02235174447,-187500.02235174447,-187500.02235174447,-187500.02235174447,-187500.02235174447,-187500.02235174447,0.024,-0.024,1.024
1707474621.733725,-187500.02235174447,-187500.02235174447,-187500.02235174447,-187500.02235174447,-187500.02235174447,-187500.02235174447,-187500.02235174447,-187500.02235174447,0.024,-0.024,1.024
1707474621.73375,-187500.02235174447,-187500.02235174447,-187500.02235174447,-187500.02235174447,-187500.02235174447,-187500.02235174447,-187500.02235174447,-187500.02235174447,0.024,-0.024,1.024
1707474621.733775,-187500.02235174447,-187500.02235174447,-187500.02235174447,-187500.02235174447,-187500.02235174447,-187500.02235174447,-187500.02235174447,-187500.02235174447,0.024,-0.024,1.024
1707474621.7338,-187500.02235174447,-187500.02235174447,-187500.02235174447,-187500.02235174447,-187500.02235174447,-187500.02235174447,-187500.02235174447,-187500.02235174447,0.024,-0.024,1.024
1707474621.733825,-187500.02235174447,-187500.02235174447,-187500.02235174447,-187500.02235174447,-187500.02235174447,-187500.02235174447,-187500.02235174447,-187500.02235174447,0.016,-0.028,1.016
1707474621.73385,-187500.02235174447,-187500.02235174447,-187500.02235174447,-187500.02235174447,-187500.02235174447,-187500.02235174447,-187500.02235174447,-187500.02235174447,0.016,-0.028,1.016
1707474621.733884,-187500.02235174447,-187500.02235174447,-187500.02235174447,-187500.02235174447,-187500.02235174447,-187500.02235174447,-187500.02235174447,-187500.02235174447,0.016,-0.028,1.016
1707474621.733909,-187500.02235174447,-187500.02235174447,-187500.02235174447,-187500.02235174447,-187500.02235174447,-187500.02235174447,-187500.02235174447,-187500.02235174447,0.016,-0.028,1.016
1707474621.733934,-187500.02235174447,-187500.02235174447,-187500.02235174447,-187500.02235174447,-187500.02235174447,-187500.02235174447,-187500.02235174447,-187500.02235174447,0.016,-0.028,1.016
1707474621.733959,-187500.02235174447,-187500.02235174447,-187500.02235174447,-187500.02235174447,-187500.02235174447,-187500.02235174447,-187500.02235174447,-187500.02235174447,0.016,-0.028,1.016
1707474621.733985,-187500.02235174447,-187500.02235174447,-187500.02235174447,-187500.02235174447,-187500.02235174447,-187500.02235174447,-187500.02235174447,-187500.02235174447,0.016,-0.028,1.016
1707474621.73401,-187500.02235174447,-187500.02235174447,-187500.02235174447,-187500.02235174447,-187500.02235174447,-187500.02235174447,-187500.02235174447,-187500.02235174447,0.016,-0.028,1.016
1707474621.793949,-187500.02235174447,-187500.02235174447,-187500.02235174447,-187500.02235174447,-187500.02235174447,-187500.02235174447,-187500.02235174447,-187500.02235174447,0.016,-0.028,1.016
1707474621.793984,-187500.02235174447,-187500.02235174447,-187500.02235174447,-187500.02235174447,-187500.02235174447,-187500.02235174447,-187500.02235174447,-187500.02235174447,0.016,-0.028,1.016
1707474621.79401,-187500.02235174447,-187500.02235174447,-187500.02235174447,-187500.02235174447,-187500.02235174447,-187500.02235174447,-187500.02235174447,-187500.02235174447,0.016,-0.026000000000000002,1.018
1707474621.794054,-187500.02235174447,-187500.02235174447,-187500.02235174447,-187500.02235174447,-187500.02235174447,-187500.02235174447,-187500.02235174447,-187500.02235174447,0.016,-0.026000000000000002,1.018
1707474621.794081,-187500.02235174447,-187500.02235174447,-187500.02235174447,-187500.02235174447,-187500.02235174447,-187500.02235174447,-187500.02235174447,-187500.02235174447,0.016,-0.026000000000000002,1.018
1707474621.794106,-187500.02235174447,-187500.02235174447,-187500.02235174447,-187500.02235174447,-187500.02235174447,-187500.02235174447,-187500.02235174447,-187500.02235174447,0.016,-0.026000000000000002,1.018
1707474621.794132,-187500.02235174447,-187500.02235174447,-187500.02235174447,-187500.02235174447,-187500.02235174447,-187500.02235174447,-187500.02235174447,-187500.02235174447,0.016,-0.026000000000000002,1.018
1707474621.794157,-187500.02235174447,-187500.02235174447,-187500.02235174447,-187500.02235174447,-187500.02235174447,-187500.02235174447,-187500.02235174447,-187500.02235174447,0.016,-0.026000000000000002,1.018
1707474621.794182,-187500.02235174447,-187500.02235174447,-187500.02235174447,-187500.02235174447,-187500.02235174447,-187500.02235174447,-187500.02235174447,-187500.02235174447,0.016,-0.026000000000000002,1.018
1707474621.794207,-187500.02235174447,-187500.02235174447,-187500.02235174447,-187500.02235174447,-187500.02235174447,-187500.02235174447,-187500.02235174447,-187500.02235174447,0.016,-0.026000000000000002,1.018
